<?xml version="1.0" encoding="UTF-8"?>
<project-private xmlns="http://www.netbeans.org/ns/project-private/1">
    <editor-bookmarks xmlns="http://www.netbeans.org/ns/editor-bookmarks/2" lastBookmarkId="0"/>
    <open-files xmlns="http://www.netbeans.org/ns/projectui-open-files/2">
        <group>
            <file>file:/C:/Users/Santiago%20Flórez/OneDrive/Documentos/CursoJava/Fundamentos/ProyectoCaja/src/controller/NewJFrame.java</file>
        </group>
        <group name="Group 20210731-05:34:35"/>
    </open-files>
</project-private>
