<?xml version="1.0" encoding="UTF-8"?>
<project-private xmlns="http://www.netbeans.org/ns/project-private/1">
    <editor-bookmarks xmlns="http://www.netbeans.org/ns/editor-bookmarks/2" lastBookmarkId="0"/>
    <open-files xmlns="http://www.netbeans.org/ns/projectui-open-files/2">
        <group name="Group 20210731-05:34:35">
            <file>file:/C:/Users/Santiago%20Flórez/OneDrive/Documentos/CursoJava/ProgramacionJAVA/ModificadoresDeAcceso/src/publico/Clase2.java</file>
            <file>file:/C:/Users/Santiago%20Flórez/OneDrive/Documentos/CursoJava/ProgramacionJAVA/ModificadoresDeAcceso/src/protejido/Clase3.java</file>
            <file>file:/C:/Users/Santiago%20Flórez/OneDrive/Documentos/CursoJava/ProgramacionJAVA/ModificadoresDeAcceso/src/protejido/Clase4.java</file>
            <file>file:/C:/Users/Santiago%20Flórez/OneDrive/Documentos/CursoJava/ProgramacionJAVA/ModificadoresDeAcceso/src/controller/AplMain.java</file>
            <file>file:/C:/Users/Santiago%20Flórez/OneDrive/Documentos/CursoJava/ProgramacionJAVA/ModificadoresDeAcceso/src/publico/Clase1.java</file>
        </group>
    </open-files>
</project-private>
